name,url,username,password
example,https://google.com,varunadhitya,passwd123
example,https://google.com,varunadhitya,passwd123
example,https://google.com,varunadhitya,passwd123
example,https://google.com,varunadhitya,passwd123
example,https://google.com,varunadhitya,passwd123
example,https://google.com,varunadhitya,passwd123
example,https://google.com,varunadhitya,passwd123
example,https://google.com,varunadhitya,passwd123
example,https://google.com,varunadhitya,passwd123
example,https://google.com,varunadhitya,passwd123
example,https://google.com,varunadhitya,passwd123
example,https://google.com,varunadhitya,passwd123
example,https://google.com,varunadhitya,passwd123
example,https://google.com,varunadhitya,passwd123
example,https://google.com,varunadhitya,passwd123
example,https://google.com,varunadhitya,passwd123
example,https://google.com,varunadhitya,passwd123
example,https://google.com,varunadhitya,passwd123
example,https://google.com,varunadhitya,passwd123
example,https://google.com,varunadhitya,passwd123
example,https://google.com,varunadhitya,passwd123
example,https://google.com,varunadhitya,passwd123
example,https://google.com,varunadhitya,passwd123
example,https://google.com,varunadhitya,passwd123
example,https://google.com,varunadhitya,passwd123
example,https://google.com,varunadhitya,passwd123
example,https://google.com,varunadhitya,passwd123
example,https://google.com,varunadhitya,passwd123
example,https://google.com,varunadhitya,passwd123
example,https://google.com,varunadhitya,passwd123
example,https://google.com,varunadhitya,passwd123
example,https://google.com,varunadhitya,passwd123
example,https://google.com,varunadhitya,passwd123
example,https://google.com,varunadhitya,passwd123
example,https://google.com,varunadhitya,passwd123
example,https://google.com,varunadhitya,passwd123
example,https://google.com,varunadhitya,passwd123
example,https://google.com,varunadhitya,passwd123
example,https://google.com,varunadhitya,passwd123
example,https://google.com,varunadhitya,passwd123
example,https://google.com,varunadhitya,passwd123
example,https://google.com,varunadhitya,passwd123
example,https://google.com,varunadhitya,passwd123
example,https://google.com,varunadhitya,passwd123
example,https://google.com,varunadhitya,passwd123
example,https://google.com,varunadhitya,passwd123
example,https://google.com,varunadhitya,passwd123
example,https://google.com,varunadhitya,passwd123
example,https://google.com,varunadhitya,passwd123
example,https://google.com,varunadhitya,passwd123